Woonplaatsen;Provincie/Naam (Naam)
Aadorp;Overijssel               
Aagtekerke;Zeeland                  
Aalden;Drenthe                  
Aalsmeer;Noord-Holland            
Aalsmeerderbrug;Noord-Holland            
Aalst;Gelderland               
Aalsum;Fryslân                  
Aalten;Gelderland               
Ter Aar;Zuid-Holland             
Ter Aard;Drenthe                  
Aardenburg;Zeeland                  
Aarlanderveen;Zuid-Holland             
Aarle-Rixtel;Noord-Brabant            
Aartswoud;Noord-Holland            
Abbega;Fryslân                  
Abbekerk;Noord-Holland            
Abbenbroek;Zuid-Holland             
Abbenes;Noord-Holland            
Abcoude;Utrecht                  
Achlum;Fryslân                  
Achterveld;Gelderland               
Achterveld;Utrecht                  
Achthuizen;Zuid-Holland             
Achtmaal;Noord-Brabant            
Acquoy;Gelderland               
Adorp;Groningen                
Aduard;Groningen                
Aerdenhout;Noord-Holland            
Aerdt;Gelderland               
Afferden;Gelderland               
Afferden L;Limburg                  
Agelo;Overijssel               
Akersloot;Noord-Holland            
Akkrum;Fryslân                  
Akmarijp;Fryslân                  
Albergen;Overijssel               
Alblasserdam;Zuid-Holland             
Alde Leie;Fryslân                  
Aldeboarn;Fryslân                  
Aldtsjerk;Fryslân                  
Aldwâld;Fryslân                  
Alem;Gelderland               
Alkmaar;Noord-Holland            
Allingawier;Fryslân                  
Almelo;Overijssel               
Almen;Gelderland               
Almere;Flevoland                
Almkerk;Noord-Brabant            
Alphen;Gelderland               
Alphen;Noord-Brabant            
Alphen aan den Rijn;Zuid-Holland             
Alteveer;Drenthe                  
Alteveer;Groningen                
Alteveer;Drenthe                  
Alteveer gem Hoogeveen;Drenthe                  
Altforst;Gelderland               
Ambt Delden;Overijssel               
Ameide;Utrecht                  
Amen;Drenthe                  
America;Limburg                  
Amerongen;Utrecht                  
Amersfoort;Utrecht                  
Ammerstol;Zuid-Holland             
Ammerzoden;Gelderland               
Amstelhoek;Utrecht                  
Amstelveen;Noord-Holland            
Amstenrade;Limburg                  
Amsterdam;Noord-Holland            
Amsterdam-Duivendrecht;Noord-Holland            
Andel;Noord-Brabant            
Den Andel;Groningen                
Andelst;Gelderland               
Anderen;Drenthe                  
Andijk;Noord-Holland            
Ane;Overijssel               
Anerveen;Overijssel               
Anevelde;Overijssel               
Angeren;Gelderland               
Angerlo;Gelderland               
Ankeveen;Noord-Holland            
Anloo;Drenthe                  
Anna Paulowna;Noord-Holland            
Annen;Drenthe                  
Annerveenschekanaal;Drenthe                  
Ansen;Drenthe                  
Ansen;Drenthe                  
Ter Apel;Groningen                
Apeldoorn;Gelderland               
Ter Apelkanaal;Groningen                
Appelscha;Fryslân                  
Appeltern;Gelderland               
Appingedam;Groningen                
Arcen;Limburg                  
Arkel;Zuid-Holland             
Arnemuiden;Zeeland                  
Arnhem;Gelderland               
Arriën;Overijssel               
Arum;Fryslân                  
Asch;Gelderland               
Asperen;Gelderland               
Assen;Drenthe                  
Assendelft;Noord-Holland            
Asten;Noord-Brabant            
Augsbuert-Lytsewâld;Fryslân                  
Augustinusga;Fryslân                  
Austerlitz;Utrecht                  
Avenhorn;Noord-Holland            
Axel;Zeeland                  
Azewijn;Gelderland               
Baaiduinen;Fryslân                  
Baaium;Fryslân                  
Baak;Gelderland               
Baambrugge;Utrecht                  
Baard;Fryslân                  
Baarland;Zeeland                  
Baarle-Nassau;Noord-Brabant            
Baarlo;Limburg                  
Baarlo;Overijssel               
Baarn;Utrecht                  
Baars;Overijssel               
Babberich;Gelderland               
Babyloniënbroek;Noord-Brabant            
Bad Nieuweschans;Groningen                
Badhoevedorp;Noord-Holland            
Baexem;Limburg                  
Baflo;Groningen                
Bakel;Noord-Brabant            
Bakhuizen;Fryslân                  
Bakkeveen;Fryslân                  
Balgoij;Gelderland               
Balinge;Drenthe                  
Balk;Fryslân                  
Balkbrug;Overijssel               
Balloërveld;Drenthe                  
Balloo;Drenthe                  
Ballum;Fryslân                  
Baneheide;Limburg                  
Banholt;Limburg                  
Bant;Flevoland                
Bantega;Fryslân                  
Barchem;Gelderland               
Barendrecht;Zuid-Holland             
Barger-Compascuum;Drenthe                  
Barneveld;Gelderland               
Barsingerhorn;Noord-Holland            
Basse;Overijssel               
Batenburg;Gelderland               
Bathmen;Overijssel               
Bavel;Noord-Brabant            
Bavel AC;Noord-Brabant            
Bears;Fryslân                  
Bedum;Groningen                
Beegden;Limburg                  
Beek;Gelderland               
Beek;Gelderland               
Beek;Limburg                  
Beek en Donk;Noord-Brabant            
Beekbergen;Gelderland               
Beemte Broekland;Gelderland               
Beers NB;Noord-Brabant            
Beerta;Groningen                
Beerze;Overijssel               
Beerzerveld;Overijssel               
Beesd;Gelderland               
Beesel;Limburg                  
Beets;Noord-Holland            
Beetsterzwaag;Fryslân                  
Beilen;Drenthe                  
Beinsdorp;Noord-Holland            
Belfeld;Limburg                  
Bellingwolde;Groningen                
Beltrum;Gelderland               
Belt-Schutsloot;Overijssel               
Bemelen;Limburg                  
Bemmel;Gelderland               
Beneden-Leeuwen;Gelderland               
Bennebroek;Noord-Holland            
Bennekom;Gelderland               
Benneveld;Drenthe                  
Benningbroek;Noord-Holland            
Benschop;Utrecht                  
Bentelo;Overijssel               
Benthuizen;Zuid-Holland             
Bentveld;Noord-Holland            
Berg en Dal;Gelderland               
Berg en Terblijt;Limburg                  
Bergambacht;Zuid-Holland             
Bergeijk;Noord-Brabant            
Bergen (NH);Noord-Holland            
Bergen aan Zee;Noord-Holland            
Bergen L;Limburg                  
Bergen op Zoom;Noord-Brabant            
Bergentheim;Overijssel               
Bergharen;Gelderland               
Berghem;Noord-Brabant            
Bergschenhoek;Zuid-Holland             
Beringe;Limburg                  
Berkel en Rodenrijs;Zuid-Holland             
Berkel-Enschot;Noord-Brabant            
Berkenwoude;Zuid-Holland             
Berkhout;Noord-Holland            
Berlicum;Noord-Brabant            
Berltsum;Fryslân                  
Bern;Gelderland               
Best;Noord-Brabant            
Beugen;Noord-Brabant            
Beuningen;Overijssel               
Beuningen Gld;Gelderland               
Beusichem;Gelderland               
Beutenaken;Limburg                  
Beverwijk;Noord-Holland            
Biddinghuizen;Flevoland                
Bierum;Groningen                
Biervliet;Zeeland                  
Biervliet;Zeeland                  
Biest-Houtakker;Noord-Brabant            
Biezenmortel;Noord-Brabant            
Biggekerke;Zeeland                  
De Bilt;Utrecht                  
Bilthoven;Utrecht                  
Bingelrade;Limburg                  
Bitgum;Fryslân                  
Bitgummole;Fryslân                  
Bladel;Noord-Brabant            
Blankenham;Overijssel               
Blaricum;Noord-Holland            
Blauwestad;Groningen                
Blauwhuis;Fryslân                  
Bleiswijk;Zuid-Holland             
Blesdijke;Fryslân                  
Bleskensgraaf ca;Zuid-Holland             
De Blesse;Fryslân                  
Blessum;Fryslân                  
Blije;Fryslân                  
Blijham;Groningen                
Blitterswijck;Limburg                  
Bloemendaal;Noord-Holland            
Blokker;Noord-Holland            
Blokzijl;Overijssel               
Boarnwert;Fryslân                  
Boazum;Fryslân                  
Bocholtz;Limburg                  
Bodegraven;Zuid-Holland             
Boekel;Noord-Brabant            
Boelenslaan;Fryslân                  
Boer;Fryslân                  
Ten Boer;Groningen                
Boerakker;Groningen                
Boesingheliede;Noord-Holland            
Boijl;Fryslân                  
Boksum;Fryslân                  
Bolsward;Fryslân                  
Den Bommel;Zuid-Holland             
Bontebok;Fryslân                  
Boornbergum;Fryslân                  
Boornzwaag;Fryslân                  
Borculo;Gelderland               
Borger;Drenthe                  
Borgercompagnie;Groningen                
Borgercompagnie;Groningen                
Borgsweer;Groningen                
Born;Limburg                  
Borne;Overijssel               
Bornerbroek;Overijssel               
Borssele;Zeeland                  
Bosch en Duin;Utrecht                  
Boschoord;Drenthe                  
Boskoop;Zuid-Holland             
Bosschenhoofd;Noord-Brabant            
Botlek Rotterdam;Zuid-Holland             
Bourtange;Groningen                
Bovenkarspel;Noord-Holland            
Boven-Leeuwen;Gelderland               
Bovensmilde;Drenthe                  
Boxmeer;Noord-Brabant            
Boxtel;Noord-Brabant            
Braamt;Gelderland               
Brakel;Gelderland               
Brandwijk;Zuid-Holland             
Brantgum;Fryslân                  
Breda;Noord-Brabant            
Bredevoort;Gelderland               
Breedenbroek;Gelderland               
Breezand;Noord-Holland            
Breezanddijk;Fryslân                  
Breskens;Zeeland                  
Breukelen;Utrecht                  
Breukeleveen;Noord-Holland            
Brielle;Zuid-Holland             
Briltil;Groningen                
Britsum;Fryslân                  
Britswert;Fryslân                  
Broek;Fryslân                  
Broek in Waterland;Noord-Holland            
Broek op Langedijk;Noord-Holland            
Broekhuizen;Limburg                  
Broekhuizen;Drenthe                  
Broekhuizenvorst;Limburg                  
Broekland;Overijssel               
Broeksterwâld;Fryslân                  
Bronkhorst;Gelderland               
Bronneger;Drenthe                  
Bronnegerveen;Drenthe                  
Brouwershaven;Zeeland                  
Bruchem;Gelderland               
Brucht;Overijssel               
Bruchterveld;Overijssel               
Bruinehaar;Overijssel               
Bruinisse;Zeeland                  
Brummen;Gelderland               
Brunssum;Limburg                  
Bruntinge;Drenthe                  
Buchten;Limburg                  
Budel;Noord-Brabant            
Budel-Dorplein;Noord-Brabant            
Budel-Schoot;Noord-Brabant            
Buggenum;Limburg                  
Buinen;Drenthe                  
Buinerveen;Drenthe                  
Buitenkaag;Noord-Holland            
Buitenpost;Fryslân                  
De Bult;Overijssel               
Bunde;Limburg                  
Bunne;Drenthe                  
Bunnik;Utrecht                  
Bunschoten-Spakenburg;Utrecht                  
Burdaard;Fryslân                  
Buren;Gelderland               
Buren;Fryslân                  
Den Burg;Noord-Holland            
Burgerbrug;Noord-Holland            
Burgerveen;Noord-Holland            
Burgh-Haamstede;Zeeland                  
Burgum;Fryslân                  
Burgwerd;Fryslân                  
Burum;Fryslân                  
Bussum;Noord-Holland            
Buurmalsen;Gelderland               
Buurmalsen;Gelderland               
Cadier en Keer;Limburg                  
Cadzand;Zeeland                  
Callantsoog;Noord-Holland            
Capelle aan den IJssel;Zuid-Holland             
Castelre;Noord-Brabant            
Castenray;Limburg                  
Casteren;Noord-Brabant            
Castricum;Noord-Holland            
Chaam;Noord-Brabant            
Clinge;Zeeland                  
De Cocksdorp;Noord-Holland            
Coevorden;Drenthe                  
Colijnsplaat;Zeeland                  
Collendoorn;Overijssel               
Colmschate;Overijssel               
Cornwerd;Fryslân                  
Cothen;Utrecht                  
Creil;Flevoland                
Cromvoirt;Noord-Brabant            
Cruquius;Noord-Holland            
Cuijk;Noord-Brabant            
Culemborg;Gelderland               
Daarle;Overijssel               
Daarlerveen;Overijssel               
Dalem;Zuid-Holland             
Dalen;Drenthe                  
Dalerpeel;Drenthe                  
Dalerveen;Drenthe                  
Dalfsen;Overijssel               
Dalmsholte;Overijssel               
Damwâld;Fryslân                  
Darp;Drenthe                  
Dearsum;Fryslân                  
Dedemsvaart;Overijssel               
Dedgum;Fryslân                  
Deelen;Gelderland               
Deest;Gelderland               
Deil;Gelderland               
Deinum;Fryslân                  
Delden;Overijssel               
Delfgauw;Zuid-Holland             
Delfstrahuizen;Fryslân                  
Delft;Zuid-Holland             
Delfzijl;Groningen                
Delwijnen;Gelderland               
Demen;Noord-Brabant            
Denekamp;Overijssel               
Deurne;Noord-Brabant            
Deurningen;Overijssel               
Deurningen;Overijssel               
Deursen-Dennenburg;Noord-Brabant            
Deurze;Drenthe                  
Deventer;Overijssel               
Didam;Gelderland               
Dieden;Noord-Brabant            
Diemen;Noord-Holland            
Diepenheim;Overijssel               
Diepenveen;Overijssel               
Dieren;Gelderland               
Diessen;Noord-Brabant            
Diever;Drenthe                  
Dieverbrug;Drenthe                  
Diffelen;Overijssel               
Dijken;Fryslân                  
Dinteloord;Noord-Brabant            
Dinxperlo;Gelderland               
Diphoorn;Drenthe                  
Dirkshorn;Noord-Holland            
Dirksland;Zuid-Holland             
Dodewaard;Gelderland               
Doenrade;Limburg                  
Doesburg;Gelderland               
Doetinchem;Gelderland               
Doeveren;Noord-Brabant            
Doezum;Groningen                
Dokkum;Fryslân                  
Den Dolder;Utrecht                  
Doldersum;Drenthe                  
Domburg;Zeeland                  
Donderen;Drenthe                  
Dongen;Noord-Brabant            
Dongjum;Fryslân                  
Doniaga;Fryslân                  
Donkerbroek;Fryslân                  
Doorn;Utrecht                  
Doornenburg;Gelderland               
Doornspijk;Gelderland               
Doorwerth;Gelderland               
Dordrecht;Zuid-Holland             
Dorst;Noord-Brabant            
Drachten;Fryslân                  
Drachten-Azeven;Fryslân                  
Drachtstercompagnie;Fryslân                  
Dreischor;Zeeland                  
Drempt;Gelderland               
Dreumel;Gelderland               
Driebergen-Rijsenburg;Utrecht                  
Drieborg;Groningen                
Driebruggen;Zuid-Holland             
Driehuis NH;Noord-Holland            
Driehuizen;Noord-Holland            
Driel;Gelderland               
Driewegen;Zeeland                  
Driezum;Fryslân                  
Drijber;Drenthe                  
Drimmelen;Noord-Brabant            
Drogeham;Fryslân                  
Drogteropslagen;Drenthe                  
Drongelen;Noord-Brabant            
Dronryp;Fryslân                  
Dronten;Flevoland                
Drouwen;Drenthe                  
Drouwenermond;Drenthe                  
Drouwenerveen;Drenthe                  
Drunen;Noord-Brabant            
Druten;Gelderland               
Duiven;Gelderland               
Duivendrecht;Noord-Holland            
Duizel;Noord-Brabant            
Den Dungen;Noord-Brabant            
Dussen;Noord-Brabant            
Dwingeloo;Drenthe                  
Eagum;Fryslân                  
Eanjum;Fryslân                  
Earnewâld;Fryslân                  
Easterein;Fryslân                  
Easterlittens;Fryslân                  
Eastermar;Fryslân                  
Easternijtsjerk;Fryslân                  
Easterwierrum;Fryslân                  
Eastrum;Fryslân                  
Echt;Limburg                  
Echteld;Gelderland               
Echten;Drenthe                  
Echten;Fryslân                  
Echtenerbrug;Fryslân                  
Eck en Wiel;Gelderland               
Eckelrade;Limburg                  
Edam;Noord-Holland            
Ede;Gelderland               
Ederveen;Gelderland               
Eede;Zeeland                  
Eefde;Gelderland               
Eelde;Drenthe                  
Eelderwolde;Drenthe                  
Eemdijk;Utrecht                  
Eemnes;Utrecht                  
Eemshaven;Groningen                
Een;Drenthe                  
Eenrum;Groningen                
Eenum;Groningen                
Een-West;Drenthe                  
Eerbeek;Gelderland               
Eersel;Noord-Brabant            
Ees;Drenthe                  
Eesergroen;Drenthe                  
Eeserveen;Drenthe                  
Eesterga;Fryslân                  
Eesveen;Overijssel               
Eethen;Noord-Brabant            
Eext;Drenthe                  
Eexterveen;Drenthe                  
Eexterveenschekanaal;Drenthe                  
Eexterzandvoort;Drenthe                  
Egchel;Limburg                  
Egmond aan den Hoef;Noord-Holland            
Egmond aan Zee;Noord-Holland            
Egmond-Binnen;Noord-Holland            
Eibergen;Gelderland               
Eijsden;Limburg                  
Eindhoven;Noord-Brabant            
Einighausen;Limburg                  
Ekehaar;Drenthe                  
Elahuizen;Fryslân                  
Elburg;Gelderland               
Eldersloo;Drenthe                  
Eleveld;Drenthe                  
Elim;Drenthe                  
Elkenrade;Limburg                  
Ell;Limburg                  
Ellecom;Gelderland               
Ellemeet;Zeeland                  
Ellertshaar;Drenthe                  
Ellewoutsdijk;Zeeland                  
Elp;Drenthe                  
Elsendorp;Noord-Brabant            
Elshout;Noord-Brabant            
Elsloo;Fryslân                  
Elsloo;Limburg                  
Elspeet;Gelderland               
Elst;Gelderland               
Elst Ut;Utrecht                  
Emmeloord;Flevoland                
Emmen;Drenthe                  
Emmer-Compascuum;Drenthe                  
Empe;Gelderland               
Emst;Gelderland               
Enkhuizen;Noord-Holland            
Ens;Flevoland                
Enschede;Overijssel               
Enspijk;Gelderland               
Enter;Overijssel               
Enumatil;Groningen                
Epe;Gelderland               
Epen;Limburg                  
Eppenhuizen;Groningen                
Epse;Gelderland               
Erica;Drenthe                  
Erichem;Gelderland               
Erlecom;Gelderland               
Erm;Drenthe                  
Ermelo;Gelderland               
Erp;Noord-Brabant            
Esbeek;Noord-Brabant            
Esch;Noord-Brabant            
Escharen;Noord-Brabant            
Espel;Flevoland                
Est;Gelderland               
Etten;Gelderland               
Etten-Leur;Noord-Brabant            
Europoort Rotterdam;Zuid-Holland             
Eursinge;Drenthe                  
Eursinge;Drenthe                  
Everdingen;Utrecht                  
Evertsoord;Limburg                  
Ewijk;Gelderland               
1e Exloërmond;Drenthe                  
2e Exloërmond;Drenthe                  
Exloërveen;Drenthe                  
Exloo;Drenthe                  
Exmorra;Fryslân                  
Eygelshoven;Limburg                  
Eys;Limburg                  
Ezinge;Groningen                
De Falom;Fryslân                  
Farmsum;Groningen                
Feankleaster;Fryslân                  
Feanwâlden;Fryslân                  
Feerwerd;Groningen                
Feinsum;Fryslân                  
Ferwert;Fryslân                  
Ferwoude;Fryslân                  
Fijnaart;Noord-Brabant            
Finsterwolde;Groningen                
Firdgum;Fryslân                  
Fleringen;Overijssel               
Fluitenberg;Drenthe                  
Fochteloo;Fryslân                  
Follega;Fryslân                  
Folsgare;Fryslân                  
Formerum;Fryslân                  
Foudgum;Fryslân                  
Foxhol;Groningen                
Foxwolde;Drenthe                  
Franeker;Fryslân                  
Frederiksoord;Drenthe                  
Friens;Fryslân                  
Frieschepalen;Fryslân                  
Froombosch;Groningen                
Gaanderen;Gelderland               
Gaast;Fryslân                  
Gaastmeer;Fryslân                  
Galder;Noord-Brabant            
Gameren;Gelderland               
Gapinge;Zeeland                  
Garderen;Gelderland               
Garmerwolde;Groningen                
Garminge;Drenthe                  
Garnwerd;Groningen                
Garrelsweer;Groningen                
Garsthuizen;Groningen                
Garyp;Fryslân                  
Gassel;Noord-Brabant            
Gasselte;Drenthe                  
Gasselternijveen;Drenthe                  
Gasselternijveenschemond;Drenthe                  
Gastel;Noord-Brabant            
Gasteren;Drenthe                  
Gauw;Fryslân                  
Geelbroek;Drenthe                  
Geerdijk;Overijssel               
Geersdijk;Zeeland                  
Geertruidenberg;Noord-Brabant            
Geervliet;Zuid-Holland             
Gees;Drenthe                  
Geesbrug;Drenthe                  
Geesteren;Gelderland               
Geesteren;Overijssel               
Geeuwenbrug;Drenthe                  
Geffen;Noord-Brabant            
Geijsteren;Limburg                  
Geldermalsen;Gelderland               
Gelderswoude;Zuid-Holland             
Geldrop;Noord-Brabant            
Geleen;Limburg                  
Gellicum;Gelderland               
Gelselaar;Gelderland               
Gemert;Noord-Brabant            
Gemonde;Noord-Brabant            
Genderen;Noord-Brabant            
Gendringen;Gelderland               
Gendt;Gelderland               
Genemuiden;Overijssel               
Gennep;Limburg                  
Gerkesklooster;Fryslân                  
Gersloot;Fryslân                  
Geulle;Limburg                  
Giesbeek;Gelderland               
Giessen;Noord-Brabant            
Giessenburg;Zuid-Holland             
Gieten;Drenthe                  
Gieterveen;Drenthe                  
Giethmen;Overijssel               
Giethoorn;Overijssel               
Gilze;Noord-Brabant            
Ginnum;Fryslân                  
Glane;Overijssel               
Glimmen;Groningen                
De Glind;Gelderland               
Godlinze;Groningen                
Goedereede;Zuid-Holland             
Goënga;Fryslân                  
Goëngahuizen;Fryslân                  
Goes;Zeeland                  
Goingarijp;Fryslân                  
Goirle;Noord-Brabant            
Goor;Overijssel               
De Goorn;Noord-Holland            
Gorinchem;Zuid-Holland             
Gorredijk;Fryslân                  
Gorssel;Gelderland               
Gouda;Zuid-Holland             
Gouderak;Zuid-Holland             
Goudriaan;Zuid-Holland             
Goudswaard;Zuid-Holland             
Goutum;Fryslân                  
't Goy;Utrecht                  
Graauw;Zeeland                  
Grafhorst;Overijssel               
Graft;Noord-Holland            
Gramsbergen;Overijssel               
Grashoek;Limburg                  
Grathem;Limburg                  
Grave;Noord-Brabant            
's-Graveland;Noord-Holland            
's-Gravendeel;Zuid-Holland             
's-Gravenhage;Zuid-Holland             
's Gravenmoer;Noord-Brabant            
's-Gravenpolder;Zeeland                  
's-Gravenzande;Zuid-Holland             
Greonterp;Fryslân                  
Grevenbicht;Limburg                  
Griendtsveen;Limburg                  
Grijpskerk;Groningen                
Grijpskerke;Zeeland                  
Groede;Zeeland                  
Groenekan;Utrecht                  
Groeningen;Noord-Brabant            
Groenlo;Gelderland               
Groesbeek;Gelderland               
Groessen;Gelderland               
Groet;Noord-Holland            
De Groeve;Drenthe                  
Grolloo;Drenthe                  
Groningen;Groningen                
Gronsveld;Limburg                  
Groot-Ammers;Zuid-Holland             
Grootebroek;Noord-Holland            
Grootegast;Groningen                
Grootschermer;Noord-Holland            
Grou;Fryslân                  
Grubbenvorst;Limburg                  
Gulpen;Limburg                  
Guttecoven;Limburg                  
Gytsjerk;Fryslân                  
Haaften;Gelderland               
Haaksbergen;Overijssel               
Haalderen;Gelderland               
't Haantje;Drenthe                  
Haaren;Noord-Brabant            
Haarle;Overijssel               
Haarle;Overijssel               
Haarlem;Noord-Holland            
Haarlemmerliede;Noord-Holland            
Haarlo;Gelderland               
Haarsteeg;Noord-Brabant            
Haarzuilens;Utrecht                  
Haastrecht;Zuid-Holland             
Haelen;Limburg                  
Hagestein;Utrecht                  
Haghorst;Noord-Brabant            
Haler;Limburg                  
Halfweg;Noord-Holland            
Hall;Gelderland               
Halle;Gelderland               
Hallum;Fryslân                  
Halsteren;Noord-Brabant            
Den Ham;Groningen                
Den Ham;Overijssel               
Handel;Noord-Brabant            
Hank;Noord-Brabant            
Hansweert;Zeeland                  
Hantum;Fryslân                  
Hantumerútbuorren;Fryslân                  
Hantumhuzen;Fryslân                  
Hapert;Noord-Brabant            
Haps;Noord-Brabant            
Harbrinkhoek;Overijssel               
't Harde;Gelderland               
Hardenberg;Overijssel               
Harderwijk;Gelderland               
Hardinxveld-Giessendam;Zuid-Holland             
Haren;Noord-Brabant            
Haren Gn;Groningen                
Harfsen;Gelderland               
Harich;Fryslân                  
Haringhuizen;Noord-Holland            
Harkema;Fryslân                  
Harkstede;Groningen                
Harkstede GN;Groningen                
Harlingen;Fryslân                  
Harmelen;Utrecht                  
Harreveld;Gelderland               
Harskamp;Gelderland               
Hartwerd;Fryslân                  
Haskerdijken;Fryslân                  
Haskerhorne;Fryslân                  
Hasselt;Overijssel               
Hattem;Gelderland               
Hattemerbroek;Gelderland               
Haule;Fryslân                  
Haulerwijk;Fryslân                  
Hauwert;Noord-Holland            
Havelte;Drenthe                  
Havelterberg;Drenthe                  
Hazerswoude-Dorp;Zuid-Holland             
Hazerswoude-Rijndijk;Zuid-Holland             
Hedel;Gelderland               
Hedikhuizen;Noord-Brabant            
Hee;Fryslân                  
Heeg;Fryslân                  
Heel;Limburg                  
Heelsum;Gelderland               
Heelweg;Gelderland               
Heemserveen;Overijssel               
Heemskerk;Noord-Holland            
Heemstede;Noord-Holland            
De Heen;Noord-Brabant            
Heenvliet;Zuid-Holland             
's-Heer Abtskerke;Zeeland                  
's-Heer Arendskerke;Zeeland                  
's-Heer Hendrikskinderen;Zeeland                  
Heerde;Gelderland               
's-Heerenberg;Gelderland               
's-Heerenbroek;Overijssel               
's-Heerenhoek;Zeeland                  
Heerenveen;Fryslân                  
Heerewaarden;Gelderland               
Heerhugowaard;Noord-Holland            
Heerjansdam;Zuid-Holland             
Heerle;Noord-Brabant            
Heerlen;Limburg                  
Heesbeen;Noord-Brabant            
Heesch;Noord-Brabant            
Heesselt;Gelderland               
Heeswijk-Dinther;Noord-Brabant            
Heeten;Overijssel               
Heeze;Noord-Brabant            
Hegebeintum;Fryslân                  
Hegelsom;Limburg                  
Hei- en Boeicop;Utrecht                  
Heibloem;Limburg                  
Heide;Limburg                  
It Heidenskip;Fryslân                  
Ter Heijde;Zuid-Holland             
Heijen;Limburg                  
Heijenrath;Limburg                  
Heijningen;Noord-Brabant            
Heikant;Zeeland                  
Heilig Landstichting;Gelderland               
Heiligerlee;Groningen                
Heiloo;Noord-Holland            
Heinenoord;Zuid-Holland             
Heinkenszand;Zeeland                  
Heino;Overijssel               
Hekelingen;Zuid-Holland             
Hekendorp;Utrecht                  
Helden;Limburg                  
Den Helder;Noord-Holland            
Helenaveen;Noord-Brabant            
Hellendoorn;Overijssel               
Hellevoetsluis;Zuid-Holland             
Hellouw;Gelderland               
Hellum;Groningen                
Helmond;Noord-Brabant            
Helvoirt;Noord-Brabant            
Hem;Noord-Holland            
Hemelum;Fryslân                  
Hemmen;Gelderland               
Hempens;Fryslân                  
Hemrik;Fryslân                  
Hendrik-Ido-Ambacht;Zuid-Holland             
Hengelo;Overijssel               
Hengelo (Gld);Gelderland               
Hengevelde;Overijssel               
Hengstdijk;Zeeland                  
Hensbroek;Noord-Holland            
Herbaijum;Fryslân                  
Herkenbosch;Limburg                  
Herkingen;Zuid-Holland             
Hernen;Gelderland               
Herpen;Noord-Brabant            
Herpt;Noord-Brabant            
Herten;Limburg                  
Hertme;Overijssel               
's-Hertogenbosch;Noord-Brabant            
Herveld;Gelderland               
Herwen;Gelderland               
Herwijnen;Gelderland               
Heteren;Gelderland               
Heukelom;Noord-Brabant            
Heukelum;Gelderland               
Heumen;Gelderland               
De Heurne;Gelderland               
Heusden;Noord-Brabant            
Heusden;Noord-Brabant            
Heveadorp;Gelderland               
Heythuysen;Limburg                  
Hezingen;Overijssel               
Hiaure;Fryslân                  
Hichtum;Fryslân                  
Hidaard;Fryslân                  
Hierden;Gelderland               
Hieslum;Fryslân                  
Hijken;Drenthe                  
Hijum;Fryslân                  
Hilaard;Fryslân                  
Hillegom;Zuid-Holland             
Hilvarenbeek;Noord-Brabant            
Hilversum;Noord-Holland            
Hindeloopen;Fryslân                  
Hinnaard;Fryslân                  
Hippolytushoef;Noord-Holland            
Hitzum;Fryslân                  
Hobrede;Noord-Holland            
Hoedekenskerke;Zeeland                  
de Hoef;Utrecht                  
Hoef en Haag;Utrecht                  
Hoek;Zeeland                  
Hoek van Holland;Zuid-Holland             
Hoenderloo;Gelderland               
Hoenderloo;Gelderland               
Hoensbroek;Limburg                  
Hoenzadriel;Gelderland               
De Hoeve;Fryslân                  
Hoevelaken;Gelderland               
Hoeven;Noord-Brabant            
Hoge Hexel;Overijssel               
Hollandsche Rading;Utrecht                  
Hollandscheveld;Drenthe                  
Hollum;Fryslân                  
Holsloot;Drenthe                  
Holten;Overijssel               
Holthees;Noord-Brabant            
Holtheme;Overijssel               
Holthone;Overijssel               
Holtum;Limburg                  
Holwert;Fryslân                  
Holwierde;Groningen                
Hommerts;Fryslân                  
Homoet;Gelderland               
Honselersdijk;Zuid-Holland             
Hoofddorp;Noord-Holland            
Hoofdplaat;Zeeland                  
Hoog Soeren;Gelderland               
Hoogblokland;Zuid-Holland             
Hooge Mierde;Noord-Brabant            
Hooge Zwaluwe;Noord-Brabant            
Hoogeloon;Noord-Brabant            
Hoogenweg;Overijssel               
Hoogerheide;Noord-Brabant            
Hoogersmilde;Drenthe                  
Hoogersmilde;Drenthe                  
Hoogeveen;Drenthe                  
Hoogezand;Groningen                
Hooghalen;Drenthe                  
Hoogkarspel;Noord-Holland            
Hoog-Keppel;Gelderland               
Hoogland;Utrecht                  
Hooglanderveen;Utrecht                  
Hoogmade;Zuid-Holland             
Hoogvliet Rotterdam;Zuid-Holland             
Hoogwoud;Noord-Holland            
Hoorn;Noord-Holland            
Hoorn;Fryslân                  
Den Hoorn;Noord-Holland            
Den Hoorn;Zuid-Holland             
Hoornaar;Zuid-Holland             
Hoornsterzwaag;Fryslân                  
Horn;Limburg                  
Den Horn;Groningen                
Hornhuizen;Groningen                
Horssen;Gelderland               
Horst;Limburg                  
Den Hout;Noord-Brabant            
Houten;Utrecht                  
Houtigehage;Fryslân                  
Houwerzijl;Groningen                
Huijbergen;Noord-Brabant            
Huis ter Heide;Drenthe                  
Huis ter Heide;Utrecht                  
Huisduinen;Noord-Holland            
Huisseling;Noord-Brabant            
Huissen;Gelderland               
Huizen;Noord-Holland            
Huizinge;Groningen                
Hulsberg;Limburg                  
Hulsel;Noord-Brabant            
Hulshorst;Gelderland               
Hulst;Zeeland                  
Hulten;Noord-Brabant            
Hummelo;Gelderland               
Húns;Fryslân                  
Hunsel;Limburg                  
Hurdegaryp;Fryslân                  
Hurwenen;Gelderland               
Idaerd;Fryslân                  
Idsegahuizum;Fryslân                  
Idskenhuizen;Fryslân                  
Ter Idzard;Fryslân                  
Idzega;Fryslân                  
Ie;Fryslân                  
Iens;Fryslân                  
IJhorst;Overijssel               
IJlst;Fryslân                  
IJmuiden;Noord-Holland            
IJsselham;Overijssel               
IJsselmuiden;Overijssel               
IJsselstein;Utrecht                  
IJzendijke;Zeeland                  
IJzendoorn;Gelderland               
Den Ilp;Noord-Holland            
Ilpendam;Noord-Holland            
Indijk;Fryslân                  
Ingber;Limburg                  
Ingelum;Fryslân                  
Ingen;Gelderland               
Ingwierrum;Fryslân                  
Itens;Fryslân                  
Ittervoort;Limburg                  
Jaarsveld;Utrecht                  
Jabeek;Limburg                  
Jannum;Fryslân                  
Jellum;Fryslân                  
Jelsum;Fryslân                  
Jirnsum;Fryslân                  
Jislum;Fryslân                  
Jisp;Noord-Holland            
Jistrum;Fryslân                  
Jonkerslân;Fryslân                  
Jonkersvaart;Groningen                
Joppe;Gelderland               
Jorwert;Fryslân                  
Joure;Fryslân                  
Jouswier;Fryslân                  
Jubbega;Fryslân                  
Julianadorp;Noord-Holland            
Jutrijp;Fryslân                  
Kaag;Zuid-Holland             
Kaard;Fryslân                  
Kaatsheuvel;Noord-Brabant            
Kalenberg;Overijssel               
Kallenkote;Overijssel               
Kamerik;Utrecht                  
Kampen;Overijssel               
Kamperland;Zeeland                  
Kamperveen;Overijssel               
Kantens;Groningen                
Kapel Avezaath;Gelderland               
Kapel-Avezaath;Gelderland               
Kapelle;Zeeland                  
Kapellebrug;Zeeland                  
Katlijk;Fryslân                  
Kats;Zeeland                  
Kattendijke;Zeeland                  
Katwijk;Zuid-Holland             
Katwijk NB;Noord-Brabant            
Katwoude;Noord-Holland            
Kedichem;Utrecht                  
Keent;Noord-Brabant            
Keijenborg;Gelderland               
Kekerdom;Gelderland               
Kelpen-Oler;Limburg                  
Kerk Avezaath;Gelderland               
Kerk-Avezaath;Gelderland               
Kerkdriel;Gelderland               
Kerkenveld;Drenthe                  
Kerkrade;Limburg                  
Kerkwerve;Zeeland                  
Kerkwijk;Gelderland               
Kessel;Limburg                  
Kesteren;Gelderland               
De Kiel;Drenthe                  
Kiel-Windeweer;Groningen                
Kilder;Gelderland               
Kimswerd;Fryslân                  
Kinderdijk;Zuid-Holland             
Kinnum;Fryslân                  
Klaaswaal;Zuid-Holland             
Klarenbeek;Gelderland               
Klarenbeek;Gelderland               
Klazienaveen;Drenthe                  
Klazienaveen-Noord;Drenthe                  
Klein Zundert;Noord-Brabant            
Klijndijk;Drenthe                  
Klimmen;Limburg                  
Kloetinge;Zeeland                  
Kloetinge;Zeeland                  
De Klomp;Gelderland               
Klooster Lidlum;Fryslân                  
Kloosterburen;Groningen                
Kloosterhaar;Overijssel               
Kloosterhaar;Overijssel               
Kloosterzande;Zeeland                  
Klundert;Noord-Brabant            
Knegsel;Noord-Brabant            
De Knipe;Fryslân                  
Koarnjum;Fryslân                  
Kockengen;Utrecht                  
Koedijk;Noord-Holland            
Koedijk;Noord-Holland            
Koekange;Drenthe                  
Koewacht;Zeeland                  
Kolderwolde;Fryslân                  
Kolham;Groningen                
Kolhorn;Noord-Holland            
Kollum;Fryslân                  
Kollumerpomp;Fryslân                  
Kollumersweach;Fryslân                  
Kommerzijl;Groningen                
Koningsbosch;Limburg                  
Koningslust;Limburg                  
De Koog;Noord-Holland            
Koog aan de Zaan;Noord-Holland            
Kootstertille;Fryslân                  
Kootwijk;Gelderland               
Kootwijkerbroek;Gelderland               
Kornhorn;Groningen                
Kornwerderzand;Fryslân                  
Kortehemmen;Fryslân                  
Kortenhoef;Noord-Holland            
Kortgene;Zeeland                  
Koudekerk aan den Rijn;Zuid-Holland             
Koudekerke;Zeeland                  
Koudum;Fryslân                  
Koufurderrige;Fryslân                  
Krabbendijke;Zeeland                  
Kraggenburg;Flevoland                
Kreileroord;Noord-Holland            
Krewerd;Groningen                
De Krim;Overijssel               
Krimpen aan de Lek;Zuid-Holland             
Krimpen aan den IJssel;Zuid-Holland             
Kring van Dorth;Gelderland               
Krommenie;Noord-Holland            
Kronenberg;Limburg                  
Kropswolde;Groningen                
Kruiningen;Zeeland                  
Kruisland;Noord-Brabant            
Kûbaard;Fryslân                  
Kudelstaart;Noord-Holland            
Kuinre;Overijssel               
Kuitaart;Zeeland                  
Kwadendamme;Zeeland                  
Kwadijk;Noord-Holland            
De Kwakel;Noord-Holland            
Kwintsheul;Zuid-Holland             
Laag Zuthem;Overijssel               
Laag-Keppel;Gelderland               
Laag-Soeren;Gelderland               
Lage Mierde;Noord-Brabant            
Lage Vuursche;Utrecht                  
Lage Zwaluwe;Noord-Brabant            
Lageland;Groningen                
Lageland GN;Groningen                
Lambertschaag;Noord-Holland            
Lamswaarde;Zeeland                  
Landerum;Fryslân                  
Landgraaf;Limburg                  
Landhorst;Noord-Brabant            
Landsmeer;Noord-Holland            
Langbroek;Utrecht                  
Langedijke;Fryslân                  
Langelille;Fryslân                  
Langelo;Drenthe                  
Langenboom;Noord-Brabant            
Langerak;Zuid-Holland             
Langeveen;Overijssel               
Langeweg;Noord-Brabant            
Langezwaag;Fryslân                  
Langweer;Fryslân                  
Laren;Gelderland               
Laren;Noord-Holland            
Lathum;Gelderland               
Lattrop-Breklenkamp;Overijssel               
Lauwersoog;Groningen                
Lauwerzijl;Groningen                
Ledeacker;Noord-Brabant            
Leek;Groningen                
Leende;Noord-Brabant            
Leens;Groningen                
Leerbroek;Utrecht                  
Leerdam;Utrecht                  
Leermens;Groningen                
Leersum;Utrecht                  
Leeuwarden;Fryslân                  
Legemeer;Fryslân                  
Leiden;Zuid-Holland             
Leiderdorp;Zuid-Holland             
Leidschendam;Zuid-Holland             
Leimuiden;Zuid-Holland             
Leimuiderbrug;Noord-Holland            
Lekkerkerk;Zuid-Holland             
Lekkum;Fryslân                  
Lellens;Groningen                
Lelystad;Flevoland                
Lemele;Overijssel               
Lemelerveld;Overijssel               
Lemiers;Limburg                  
Lemmer;Fryslân                  
Lengel;Gelderland               
Lent;Gelderland               
Leons;Fryslân                  
Lepelstraat;Noord-Brabant            
Lettelbert;Groningen                
Lettele;Overijssel               
Leunen;Limburg                  
Leur;Gelderland               
Leusden;Utrecht                  
Leuth;Gelderland               
Leutingewolde;Drenthe                  
Leuvenheim;Gelderland               
Leveroy;Limburg                  
Lewedorp;Zeeland                  
Lexmond;Utrecht                  
Lichtaard;Fryslân                  
Lichtenvoorde;Gelderland               
Liempde;Noord-Brabant            
Lienden;Gelderland               
De Lier;Zuid-Holland             
Lierderholthuis;Overijssel               
Lieren;Gelderland               
Lierop;Noord-Brabant            
Lies;Fryslân                  
Lieshout;Noord-Brabant            
Liessel;Noord-Brabant            
Lievelde;Gelderland               
Lieveren;Drenthe                  
Lijnden;Noord-Holland            
Limbricht;Limburg                  
Limmen;Noord-Holland            
Linde;Drenthe                  
Linden;Noord-Brabant            
Linne;Limburg                  
Linschoten;Utrecht                  
Lippenhuizen;Fryslân                  
Lisse;Zuid-Holland             
Lisserbroek;Noord-Holland            
Lith;Noord-Brabant            
Lithoijen;Noord-Brabant            
Ljussens;Fryslân                  
Lobith;Gelderland               
Lochem;Gelderland               
Loenen;Gelderland               
Loenen aan de Vecht;Utrecht                  
Loenersloot;Utrecht                  
Loënga;Fryslân                  
Loerbeek;Gelderland               
Lollum;Fryslân                  
Lomm;Limburg                  
Longerhouw;Fryslân                  
Loo Gld;Gelderland               
Loo Gld;Gelderland               
't Loo Oldebroek;Gelderland               
Loon;Drenthe                  
Loon op Zand;Noord-Brabant            
Loosbroek;Noord-Brabant            
Loosdrecht;Noord-Holland            
Loozen;Overijssel               
Lopik;Utrecht                  
Lopikerkapel;Utrecht                  
Loppersum;Groningen                
Losdorp;Groningen                
Losser;Overijssel               
Lottum;Limburg                  
Lucaswolde;Groningen                
Luddeweer;Groningen                
Luinjeberd;Fryslân                  
Lunteren;Gelderland               
Lutjebroek;Noord-Holland            
Lutjegast;Groningen                
Lutjewinkel;Noord-Holland            
de Lutte;Overijssel               
Luttelgeest;Flevoland                
Lutten;Overijssel               
Luttenberg;Overijssel               
Luxwoude;Fryslân                  
Luyksgestel;Noord-Brabant            
Lytsewierrum;Fryslân                  
Maarheeze;Noord-Brabant            
Maarn;Utrecht                  
Maarsbergen;Utrecht                  
Maarssen;Utrecht                  
Maartensdijk;Utrecht                  
Maasbommel;Gelderland               
Maasbracht;Limburg                  
Maasbree;Limburg                  
Maasdam;Zuid-Holland             
Maasdijk;Zuid-Holland             
Maashees;Noord-Brabant            
Maasland;Zuid-Holland             
Maassluis;Zuid-Holland             
Maastricht;Limburg                  
Maastricht-Airport;Limburg                  
Maasvlakte Rotterdam;Zuid-Holland             
Macharen;Noord-Brabant            
Made;Noord-Brabant            
Makkinga;Fryslân                  
Makkum;Fryslân                  
Malden;Gelderland               
Mander;Overijssel               
Manderveen;Overijssel               
Mantgum;Fryslân                  
Mantinge;Drenthe                  
Maren-Kessel;Noord-Brabant            
Margraten;Limburg                  
Maria Hoop;Limburg                  
Mariahout;Noord-Brabant            
Mariaparochie;Overijssel               
Mariënberg;Overijssel               
Mariënheem;Overijssel               
Mariënvelde;Gelderland               
Marijenkampen;Overijssel               
Markelo;Overijssel               
Marken;Noord-Holland            
Markenbinnen;Noord-Holland            
Marknesse;Flevoland                
Marle;Overijssel               
Marrum;Fryslân                  
Marsum;Fryslân                  
Marum;Groningen                
Marwijksoord;Drenthe                  
Mastenbroek;Overijssel               
Mastenbroek;Overijssel               
Matsloot;Drenthe                  
Maurik;Gelderland               
Mechelen;Limburg                  
Medemblik;Noord-Holland            
Meeden;Groningen                
Meedhuizen;Groningen                
Meerkerk;Utrecht                  
Meerlo;Limburg                  
De Meern;Utrecht                  
Meerssen;Limburg                  
Meerstad;Groningen                
Meeuwen;Noord-Brabant            
Megchelen;Gelderland               
Megen;Noord-Brabant            
Meijel;Limburg                  
Melderslo;Limburg                  
Melick;Limburg                  
Meliskerke;Zeeland                  
Melissant;Zuid-Holland             
Menaam;Fryslân                  
Mensingeweer;Groningen                
Meppel;Drenthe                  
Meppen;Drenthe                  
Merkelbeek;Limburg                  
Merselo;Limburg                  
Meteren;Gelderland               
Meterik;Limburg                  
Mheer;Limburg                  
Middelaar;Limburg                  
Middelburg;Zeeland                  
Middelharnis;Zuid-Holland             
Middelie;Noord-Holland            
Middelstum;Groningen                
Middenbeemster;Noord-Holland            
Middenmeer;Noord-Holland            
Midlaren;Drenthe                  
Midlum;Fryslân                  
Midsland;Fryslân                  
Midwolda;Groningen                
Midwolde;Groningen                
Midwoud;Noord-Holland            
Miedum;Fryslân                  
Mierlo;Noord-Brabant            
Mijdrecht;Utrecht                  
Mijnsheerenland;Zuid-Holland             
Mildam;Fryslân                  
Milheeze;Noord-Brabant            
Mill;Noord-Brabant            
Millingen aan de Rijn;Gelderland               
Milsbeek;Limburg                  
Minnertsga;Fryslân                  
Mirns;Fryslân                  
Mitselwier;Fryslân                  
Moarre;Fryslân                  
Moddergat;Fryslân                  
De Moer;Noord-Brabant            
Moerdijk;Noord-Brabant            
Moergestel;Noord-Brabant            
Moerkapelle;Zuid-Holland             
Moerstraten;Noord-Brabant            
Molenaarsgraaf;Zuid-Holland             
Molenhoek;Limburg                  
Molenschot;Noord-Brabant            
Molkwerum;Fryslân                  
Monnickendam;Noord-Holland            
Monster;Zuid-Holland             
Montfoort;Utrecht                  
Montfort;Limburg                  
Mook;Limburg                  
Mookhoek;Zuid-Holland             
Moordrecht;Zuid-Holland             
Moorveld;Limburg                  
De Mortel;Noord-Brabant            
Muiden;Noord-Holland            
Muiderberg;Noord-Holland            
Mûnein;Fryslân                  
Munnekeburen;Fryslân                  
Munnekezijl;Fryslân                  
Munstergeleen;Limburg                  
Muntendam;Groningen                
Mussel;Groningen                
Musselkanaal;Groningen                
Naaldwijk;Zuid-Holland             
Naarden;Noord-Holland            
Nagele;Flevoland                
Nederasselt;Gelderland               
Nederhemert;Gelderland               
Nederhorst den Berg;Noord-Holland            
Nederland;Overijssel               
Nederweert;Limburg                  
Nederweert-Eind;Limburg                  
Neede;Gelderland               
Neer;Limburg                  
Neerijnen;Gelderland               
Neeritter;Limburg                  
Neerkant;Noord-Brabant            
Neerlangel;Noord-Brabant            
Neerloon;Noord-Brabant            
Nes;Fryslân                  
Nes;Fryslân                  
Nes;Fryslân                  
Netersel;Noord-Brabant            
Netterden;Gelderland               
Nibbixwoud;Noord-Holland            
Niebert;Groningen                
Niehove;Groningen                
Niekerk;Groningen                
Niekerk;Groningen                
Nietap;Drenthe                  
Nieuw Annerveen;Drenthe                  
Nieuw Beerta;Groningen                
Nieuw- en Sint Joosland;Zeeland                  
Nieuw Heeten;Overijssel               
Nieuw Namen;Zeeland                  
Nieuw Scheemda;Groningen                
Nieuwaal;Gelderland               
Nieuw-Amsterdam;Drenthe                  
Nieuw-Balinge;Drenthe                  
Nieuw-Beijerland;Zuid-Holland             
Nieuw-Buinen;Drenthe                  
Nieuw-Dordrecht;Drenthe                  
Nieuwdorp;Zeeland                  
Nieuwe Niedorp;Noord-Holland            
Nieuwe Pekela;Groningen                
Nieuwe Wetering;Zuid-Holland             
Nieuwebrug;Fryslân                  
Nieuwediep;Drenthe                  
Nieuwegein;Utrecht                  
Nieuwehorne;Fryslân                  
Nieuwendijk;Noord-Brabant            
Nieuwer Ter Aa;Utrecht                  
Nieuwerbrug aan den Rijn;Zuid-Holland             
Nieuwerkerk;Zeeland                  
Nieuwerkerk aan den IJssel;Zuid-Holland             
Nieuweroord;Drenthe                  
Nieuweroord;Drenthe                  
Nieuwersluis;Utrecht                  
Nieuweschoot;Fryslân                  
Nieuwe-Tonge;Zuid-Holland             
Nieuwkoop;Zuid-Holland             
Nieuwkuijk;Noord-Brabant            
Nieuwland;Utrecht                  
Nieuwlande;Drenthe                  
Nieuwlande Coevorden;Drenthe                  
Nieuw-Lekkerland;Zuid-Holland             
Nieuwleusen;Overijssel               
Nieuwolda;Groningen                
Nieuwpoort;Zuid-Holland             
Nieuw-Roden;Drenthe                  
Nieuw-Schoonebeek;Drenthe                  
Nieuwstadt;Limburg                  
Nieuwveen;Zuid-Holland             
Nieuw-Vennep;Noord-Holland            
Nieuwvliet;Zeeland                  
Nieuw-Vossemeer;Noord-Brabant            
Nieuw-Weerdinge;Drenthe                  
Niezijl;Groningen                
Niftrik;Gelderland               
Nigtevecht;Utrecht                  
Nij Altoenae;Fryslân                  
Nij Beets;Fryslân                  
Nijbroek;Gelderland               
Nijeberkoop;Fryslân                  
Nijega;Fryslân                  
Nijehaske;Fryslân                  
Nijeholtpade;Fryslân                  
Nijeholtwolde;Fryslân                  
Nijelamer;Fryslân                  
Nijemirdum;Fryslân                  
Nijensleek;Drenthe                  
Nijetrijne;Fryslân                  
Nijeveen;Drenthe                  
Nijewier;Fryslân                  
Nijhuizum;Fryslân                  
Nijkerk;Gelderland               
Nijkerkerveen;Gelderland               
Nijland;Fryslân                  
Nijlande;Drenthe                  
Nijmegen;Gelderland               
Nijverdal;Overijssel               
Nispen;Noord-Brabant            
Nisse;Zeeland                  
Nistelrode;Noord-Brabant            
Noardburgum;Fryslân                  
Nooitgedacht;Drenthe                  
Noorbeek;Limburg                  
Noordbeemster;Noord-Holland            
Noordbroek;Groningen                
Noordeinde;Noord-Holland            
Noordeinde Gld;Gelderland               
Noordeloos;Zuid-Holland             
Noorden;Zuid-Holland             
Noordgouwe;Zeeland                  
Noordhoek;Noord-Brabant            
Noordhorn;Groningen                
Noordlaren;Groningen                
Noord-Scharwoude;Noord-Holland            
Noordscheschut;Drenthe                  
Noord-Sleen;Drenthe                  
Noordwelle;Zeeland                  
Noordwijk;Groningen                
Noordwijk;Zuid-Holland             
Noordwijkerhout;Zuid-Holland             
Noordwolde;Fryslân                  
Noordwolde;Groningen                
Nootdorp;Zuid-Holland             
Norg;Drenthe                  
Notter;Overijssel               
Nuenen;Noord-Brabant            
Nuis;Groningen                
Nuland;Noord-Brabant            
Numansdorp;Zuid-Holland             
Nunhem;Limburg                  
Nunspeet;Gelderland               
Nuth;Limburg                  
Nutter;Overijssel               
Obbicht;Limburg                  
Obdam;Noord-Holland            
Ochten;Gelderland               
Odijk;Utrecht                  
Odiliapeel;Noord-Brabant            
Odoorn;Drenthe                  
Odoornerveen;Drenthe                  
Oeffelt;Noord-Brabant            
Oegstgeest;Zuid-Holland             
Oene;Gelderland               
Oentsjerk;Fryslân                  
Den Oever;Noord-Holland            
Offingawier;Fryslân                  
Ohé en Laak;Limburg                  
Oijen;Noord-Brabant            
Oirlo;Limburg                  
Oirsbeek;Limburg                  
Oirschot;Noord-Brabant            
Oisterwijk;Noord-Brabant            
Okkenbroek;Overijssel               
Olburgen;Gelderland               
Oldeberkoop;Fryslân                  
Oldebroek;Gelderland               
Oldeholtpade;Fryslân                  
Oldeholtwolde;Fryslân                  
Oldehove;Groningen                
Oldekerk;Groningen                
Oldelamer;Fryslân                  
Oldemarkt;Overijssel               
Oldenzaal;Overijssel               
Oldenzijl;Groningen                
Oldeouwer;Fryslân                  
Oldetrijne;Fryslân                  
Olst;Overijssel               
Olterterp;Fryslân                  
Ommel;Noord-Brabant            
Ommen;Overijssel               
Ommeren;Gelderland               
Onderdendam;Groningen                
Onna;Overijssel               
Onnen;Groningen                
Onstwedde;Groningen                
Ooij;Gelderland               
Ooltgensplaat;Zuid-Holland             
Oost West en Middelbeers;Noord-Brabant            
Oostburg;Zeeland                  
Oostdijk;Zeeland                  
Oosteind;Noord-Brabant            
Oosterbeek;Gelderland               
Oosterbierum;Fryslân                  
Oosterblokker;Noord-Holland            
Oosterend;Noord-Holland            
Oosterend;Fryslân                  
Oosterhesselen;Drenthe                  
Oosterhout;Gelderland               
Oosterhout;Noord-Brabant            
Oosterland;Zeeland                  
Oosterleek;Noord-Holland            
Oosternieland;Groningen                
Oosterstreek;Fryslân                  
Oosterwijk;Utrecht                  
Oosterwijtwerd;Groningen                
Oosterwolde;Fryslân                  
Oosterwolde Gld;Gelderland               
Oosterzee;Fryslân                  
Oost-Graftdijk;Noord-Holland            
Oosthem;Fryslân                  
Oosthuizen;Noord-Holland            
Oostkapelle;Zeeland                  
Oostknollendam;Noord-Holland            
Oostrum;Limburg                  
Oost-Souburg;Zeeland                  
Oostvoorne;Zuid-Holland             
Oostwold;Groningen                
Oostwold;Groningen                
Oostwoud;Noord-Holland            
Oostzaan;Noord-Holland            
Ootmarsum;Overijssel               
Opeinde;Fryslân                  
Opende;Groningen                
Ophemert;Gelderland               
Opheusden;Gelderland               
Opijnen;Gelderland               
Oploo;Noord-Brabant            
Opmeer;Noord-Holland            
Oppenhuizen;Fryslân                  
Opperdoes;Noord-Holland            
Oranje;Drenthe                  
Oranjewoud;Fryslân                  
Orvelte;Drenthe                  
Ospel;Limburg                  
Oss;Noord-Brabant            
Ossendrecht;Noord-Brabant            
Ossenisse;Zeeland                  
Ossenwaard;Utrecht                  
Ossenzijl;Overijssel               
Oterleek;Noord-Holland            
Otterlo;Gelderland               
Ottersum;Limburg                  
Ottoland;Zuid-Holland             
Oud Ade;Zuid-Holland             
Oud Annerveen;Drenthe                  
Oud Gastel;Noord-Brabant            
Oud Ootmarsum;Overijssel               
Oud Zuilen;Utrecht                  
Oud-Alblas;Zuid-Holland             
Oud-Beijerland;Zuid-Holland             
Ouddorp;Zuid-Holland             
Oude Meer;Noord-Holland            
Oude Niedorp;Noord-Holland            
Oude Pekela;Groningen                
Oude Wetering;Zuid-Holland             
Oude Willem;Drenthe                  
Oudebildtzijl;Fryslân                  
Oudega;Fryslân                  
Oudega;Fryslân                  
Oudega;Fryslân                  
Oudehaske;Fryslân                  
Oudehorne;Fryslân                  
Oudelande;Zeeland                  
Oudemirdum;Fryslân                  
Oudemolen;Noord-Brabant            
Oudemolen;Drenthe                  
Oudenbosch;Noord-Brabant            
Oudendijk;Noord-Holland            
Oudenhoorn;Zuid-Holland             
Ouderkerk aan de Amstel;Noord-Holland            
Ouderkerk aan den IJssel;Zuid-Holland             
Oudeschans;Groningen                
Oudeschild;Noord-Holland            
Oudeschip;Groningen                
Oudeschoot;Fryslân                  
Oudesluis;Noord-Holland            
Oude-Tonge;Zuid-Holland             
Oudewater;Utrecht                  
Oudezijl;Groningen                
Oudheusden;Noord-Brabant            
Oudkarspel;Noord-Holland            
Oudkarspel;Noord-Holland            
Oudorp;Noord-Holland            
Oud-Vossemeer;Zeeland                  
Ouwerkerk;Zeeland                  
Ouwsterhaule;Fryslân                  
Ouwster-Nijega;Fryslân                  
Overasselt;Gelderland               
Overberg;Utrecht                  
Overdinkel;Overijssel               
Overlangel;Noord-Brabant            
Overloon;Noord-Brabant            
Overschild;Groningen                
Overslag;Zeeland                  
Overveen;Noord-Holland            
Ovezande;Zeeland                  
Paasloo;Overijssel               
Pannerden;Gelderland               
Panningen;Limburg                  
Papekop;Utrecht                  
Papendrecht;Zuid-Holland             
Papenhoven;Limburg                  
Papenvoort;Drenthe                  
Parrega;Fryslân                  
Paterswolde;Drenthe                  
Peazens;Fryslân                  
Peest;Drenthe                  
Peins;Fryslân                  
Peize;Drenthe                  
Peperga;Fryslân                  
Pernis Rotterdam;Zuid-Holland             
Persingen;Gelderland               
Pesse;Drenthe                  
Pesse;Drenthe                  
Petten;Noord-Holland            
Philippine;Zeeland                  
Piaam;Fryslân                  
Piershil;Zuid-Holland             
Pieterburen;Groningen                
Pietersbierum;Fryslân                  
Pieterzijl;Groningen                
Pijnacker;Zuid-Holland             
Pingjum;Fryslân                  
Plasmolen;Limburg                  
Poederoijen;Gelderland               
Poeldijk;Zuid-Holland             
De Pol;Overijssel               
Polsbroek;Utrecht                  
Poortugaal;Zuid-Holland             
Poortvliet;Zeeland                  
Poppenwier;Fryslân                  
Ten Post;Groningen                
Posterholt;Limburg                  
Prinsenbeek;Noord-Brabant            
Puiflijk;Gelderland               
De Punt;Drenthe                  
Punthorst;Overijssel               
Purmer;Noord-Holland            
Purmer;Noord-Holland            
Purmerend;Noord-Holland            
Purmerland;Noord-Holland            
Puth;Limburg                  
Putte;Noord-Brabant            
Putten;Gelderland               
Puttershoek;Zuid-Holland             
Raalte;Overijssel               
Raamsdonk;Noord-Brabant            
Raamsdonksveer;Noord-Brabant            
Raard;Fryslân                  
Radewijk;Overijssel               
Radio Kootwijk;Gelderland               
Raerd;Fryslân                  
Randwijk;Gelderland               
Ransdaal;Limburg                  
Rasquert;Groningen                
Ravenstein;Noord-Brabant            
Ravenswaaij;Gelderland               
Ravenswoud;Fryslân                  
Readtsjerk;Fryslân                  
Reahûs;Fryslân                  
Reduzum;Fryslân                  
Reek;Noord-Brabant            
Reeuwijk;Zuid-Holland             
Reeve;Overijssel               
Reijmerstok;Limburg                  
Reitsum;Fryslân                  
Rekken;Gelderland               
Renesse;Zeeland                  
Renkum;Gelderland               
Renswoude;Utrecht                  
Ressen;Gelderland               
Retranchement;Zeeland                  
Reusel;Noord-Brabant            
Reutum;Overijssel               
Reuver;Limburg                  
Rha;Gelderland               
Rheden;Gelderland               
Rhee;Drenthe                  
Rheeze;Overijssel               
Rheezerveen;Overijssel               
Rhenen;Utrecht                  
Rhenoy;Gelderland               
Rhoon;Zuid-Holland             
Ridderkerk;Zuid-Holland             
Ried;Fryslân                  
Riel;Noord-Brabant            
Rien;Fryslân                  
Riethoven;Noord-Brabant            
Rietmolen;Gelderland               
Rijen;Noord-Brabant            
Rijkevoort;Noord-Brabant            
Rijkevoort-De Walsert;Noord-Brabant            
Rijnsaterwoude;Zuid-Holland             
Rijnsburg;Zuid-Holland             
De Rijp;Noord-Holland            
Rijpwetering;Zuid-Holland             
Rijs;Fryslân                  
Rijsbergen;Noord-Brabant            
Rijsenhout;Noord-Holland            
Rijssen;Overijssel               
Rijswijk;Zuid-Holland             
Rijswijk (GLD);Gelderland               
Rijswijk (NB);Noord-Brabant            
Rilland;Zeeland                  
Rinsumageast;Fryslân                  
De Rips;Noord-Brabant            
Ritthem;Zeeland                  
Rockanje;Zuid-Holland             
Roden;Drenthe                  
Roderesch;Drenthe                  
Roderwolde;Drenthe                  
Roelofarendsveen;Zuid-Holland             
Roermond;Limburg                  
Rogat;Drenthe                  
Roggel;Limburg                  
Rohel;Fryslân                  
Rolde;Drenthe                  
Roodeschool;Groningen                
Roosendaal;Noord-Brabant            
Roosteren;Limburg                  
Rosmalen;Noord-Brabant            
Rossum;Overijssel               
Rossum;Gelderland               
Roswinkel;Drenthe                  
Rotstergaast;Fryslân                  
Rotsterhaule;Fryslân                  
Rotterdam;Zuid-Holland             
Rotterdam-Albrandswaard;Zuid-Holland             
Rottevalle;Fryslân                  
Rottum;Fryslân                  
Rottum;Groningen                
Rouveen;Overijssel               
Rozenburg;Zuid-Holland             
Rozenburg;Noord-Holland            
Rozendaal;Gelderland               
Rucphen;Noord-Brabant            
Ruigahuizen;Fryslân                  
Ruinen;Drenthe                  
Ruinen;Drenthe                  
Ruinerwold;Drenthe                  
Rumpt;Gelderland               
Rutten;Flevoland                
Ruurlo;Gelderland               
Ryptsjerk;Fryslân                  
Saaksum;Groningen                
Saasveld;Overijssel               
Saaxumhuizen;Groningen                
Sambeek;Noord-Brabant            
Sandfirden;Fryslân                  
Santpoort-Noord;Noord-Holland            
Santpoort-Zuid;Noord-Holland            
Sappemeer;Groningen                
Sas van Gent;Zeeland                  
Sassenheim;Zuid-Holland             
Sauwerd;Groningen                
Schagen;Noord-Holland            
Schagerbrug;Noord-Holland            
Schaijk;Noord-Brabant            
Schalkhaar;Overijssel               
Schalkwijk;Utrecht                  
Schalsum;Fryslân                  
Schardam;Noord-Holland            
Scharendijke;Zeeland                  
Scharmer;Groningen                
Scharnegoutum;Fryslân                  
Scharsterbrug;Fryslân                  
Scharwoude;Noord-Holland            
Scheemda;Groningen                
Scheerwolde;Overijssel               
Schellinkhout;Noord-Holland            
Schelluinen;Zuid-Holland             
Schermerhorn;Noord-Holland            
Scherpenisse;Zeeland                  
Scherpenzeel;Gelderland               
Scherpenzeel;Fryslân                  
Schettens;Fryslân                  
Scheulder;Limburg                  
Schiedam;Zuid-Holland             
Schiermonnikoog;Fryslân                  
Schijf;Noord-Brabant            
Schijndel;Noord-Brabant            
Schildwolde;Groningen                
Schimmert;Limburg                  
Schin op Geul;Limburg                  
Schinnen;Limburg                  
Schinveld;Limburg                  
Schipborg;Drenthe                  
Schiphol;Noord-Holland            
Schiphol-Rijk;Noord-Holland            
De Schiphorst;Drenthe                  
Schipluiden;Zuid-Holland             
Schokland;Flevoland                
Schoondijke;Zeeland                  
Schoonebeek;Drenthe                  
Schoonhoven;Zuid-Holland             
Schoonloo;Drenthe                  
Schoonoord;Drenthe                  
Schoonrewoerd;Utrecht                  
Schoorl;Noord-Holland            
Schore;Zeeland                  
Schouwerzijl;Groningen                
Schraard;Fryslân                  
Schuinesloot;Overijssel               
Sebaldeburen;Groningen                
Sellingen;Groningen                
Serooskerke;Zeeland                  
Serooskerke;Zeeland                  
Sevenum;Limburg                  
Sexbierum;Fryslân                  
Sibculo;Overijssel               
Sibculo;Overijssel               
Sibrandabuorren;Fryslân                  
Sibrandahûs;Fryslân                  
Siddeburen;Groningen                
Siebengewald;Limburg                  
Siegerswoude;Fryslân                  
Sijbekarspel;Noord-Holland            
Silvolde;Gelderland               
Simonshaven;Zuid-Holland             
Simpelveld;Limburg                  
Sinderen;Gelderland               
Sint Agatha;Noord-Brabant            
Sint Annen;Groningen                
Sint Anthonis;Noord-Brabant            
Sint Geertruid;Limburg                  
Sint Hubert;Noord-Brabant            
Sint Jansklooster;Overijssel               
Sint Jansteen;Zeeland                  
Sint Joost;Limburg                  
Sint Kruis;Zeeland                  
Sint Maarten;Noord-Holland            
Sint Maartensbrug;Noord-Holland            
Sint Maartensvlotbrug;Noord-Holland            
Sint Nicolaasga;Fryslân                  
Sint Odiliënberg;Limburg                  
Sint Pancras;Noord-Holland            
Sint Philipsland;Zeeland                  
St. Willebrord;Noord-Brabant            
Sint-Annaland;Zeeland                  
St.-Annaparochie;Fryslân                  
St.-Jacobiparochie;Fryslân                  
Sintjohannesga;Fryslân                  
Sint-Maartensdijk;Zeeland                  
Sint-Michielsgestel;Noord-Brabant            
Sint-Oedenrode;Noord-Brabant            
Sirjansland;Zeeland                  
Sittard;Limburg                  
Skingen;Fryslân                  
Slagharen;Overijssel               
Slappeterp;Fryslân                  
Sleen;Drenthe                  
Sleeuwijk;Noord-Brabant            
Slenaken;Limburg                  
Sliedrecht;Zuid-Holland             
Slijkenburg;Fryslân                  
Slijk-Ewijk;Gelderland               
Slochteren;Groningen                
Slootdorp;Noord-Holland            
Sloten;Fryslân                  
Sluis;Zeeland                  
Sluiskil;Zeeland                  
Smakt;Limburg                  
Smalle Ee;Fryslân                  
Smallebrugge;Fryslân                  
Smilde;Drenthe                  
Snakkerburen;Fryslân                  
Sneek;Fryslân                  
Snelrewaard;Utrecht                  
Snikzwaag;Fryslân                  
Soerendonk;Noord-Brabant            
Soest;Utrecht                  
Soesterberg;Utrecht                  
Someren;Noord-Brabant            
Sommelsdijk;Zuid-Holland             
Son en Breugel;Noord-Brabant            
Sondel;Fryslân                  
Sonnega;Fryslân                  
Spaarndam;Noord-Holland            
Spaarndam gem. Haarlem;Noord-Holland            
Spanbroek;Noord-Holland            
Spanga;Fryslân                  
Spankeren;Gelderland               
Spannum;Fryslân                  
Spaubeek;Limburg                  
Spier;Drenthe                  
Spier;Drenthe                  
Spierdijk;Noord-Holland            
Spijk;Gelderland               
Spijk;Gelderland               
Spijk;Groningen                
Spijkenisse;Zuid-Holland             
Spijkerboor;Noord-Holland            
Spijkerboor;Drenthe                  
Sprang-Capelle;Noord-Brabant            
Sprundel;Noord-Brabant            
Spui;Zeeland                  
Stad aan 't Haringvliet;Zuid-Holland             
Stadskanaal;Groningen                
Stampersgat;Noord-Brabant            
Standdaarbuiten;Noord-Brabant            
Staphorst;Overijssel               
Starnmeer;Noord-Holland            
Startenhuizen;Groningen                
Startenhuizen;Groningen                
Stavenisse;Zeeland                  
Stavoren;Fryslân                  
Stedum;Groningen                
De Steeg;Gelderland               
Steenbergen;Drenthe                  
Steenbergen;Noord-Brabant            
Steendam;Groningen                
Steenderen;Gelderland               
Steenenkamer;Gelderland               
Steensel;Noord-Brabant            
Steenwijk;Overijssel               
Steenwijkerwold;Overijssel               
Stegeren;Overijssel               
Steggerda;Fryslân                  
Stein;Limburg                  
Stellendam;Zuid-Holland             
Sterksel;Noord-Brabant            
Stevensbeek;Noord-Brabant            
Stevensweert;Limburg                  
Steyl;Limburg                  
Stieltjeskanaal;Drenthe                  
Stiens;Fryslân                  
Stitswerd;Groningen                
Stokkum;Gelderland               
Stolwijk;Zuid-Holland             
Stompetoren;Noord-Holland            
Stoutenburg;Utrecht                  
Stoutenburg Noord;Utrecht                  
Stramproy;Limburg                  
Streefkerk;Zuid-Holland             
Striep;Fryslân                  
Strijbeek;Noord-Brabant            
Strijen;Zuid-Holland             
Strijensas;Zuid-Holland             
Stroe;Gelderland               
Stroobos;Fryslân                  
Stuifzand;Drenthe                  
Stuifzand;Drenthe                  
Sumar;Fryslân                  
Surhuisterveen;Fryslân                  
Surhuizum;Fryslân                  
Susteren;Limburg                  
Suwâld;Fryslân                  
Swalmen;Limburg                  
Sweagerbosk;Fryslân                  
Sweikhuizen;Limburg                  
Swichum;Fryslân                  
Swifterbant;Flevoland                
Swolgen;Limburg                  
Taarlo;Drenthe                  
Teeffelen;Noord-Brabant            
Teerns;Fryslân                  
Tegelen;Limburg                  
Terband;Fryslân                  
Terborg;Gelderland               
Terheijden;Noord-Brabant            
Terherne;Fryslân                  
Terhole;Zeeland                  
Terkaple;Fryslân                  
Termunten;Groningen                
Termunterzijl;Groningen                
Ternaard;Fryslân                  
Terneuzen;Zeeland                  
Teroele;Fryslân                  
Terschuur;Gelderland               
Tersoal;Fryslân                  
Terwispel;Fryslân                  
Terwolde;Gelderland               
Teteringen;Noord-Brabant            
Teuge;Gelderland               
Thesinge;Groningen                
Tholen;Zeeland                  
Thorn;Limburg                  
Tiel;Gelderland               
Tiendeveen;Drenthe                  
Tiendeveen;Drenthe                  
Tienhoven;Utrecht                  
Tienhoven aan de Lek;Utrecht                  
Tienray;Limburg                  
Tijnje;Fryslân                  
De Tike;Fryslân                  
Tilburg;Noord-Brabant            
Tilligte;Overijssel               
Tinallinge;Groningen                
Tinte;Zuid-Holland             
Tirns;Fryslân                  
Tjalhuizum;Fryslân                  
Tjalleberd;Fryslân                  
Tjerkgaast;Fryslân                  
Tjerkwerd;Fryslân                  
Tjuchem;Groningen                
Tolbert;Groningen                
Toldijk;Gelderland               
Tolkamer;Gelderland               
Tollebeek;Flevoland                
Tonden;Gelderland               
Toornwerd;Groningen                
Tricht;Gelderland               
De Trieme;Fryslân                  
Tripscompagnie;Groningen                
Tubbergen;Overijssel               
Tuil;Gelderland               
Tuitjenhorn;Noord-Holland            
Tuk;Overijssel               
Tull en 't Waal;Utrecht                  
Twello;Gelderland               
Twijzel;Fryslân                  
Twijzelerheide;Fryslân                  
Twisk;Noord-Holland            
Tynaarlo;Drenthe                  
Tytsjerk;Fryslân                  
Tzum;Fryslân                  
Tzummarum;Fryslân                  
Ubbena;Drenthe                  
Ubbergen;Gelderland               
Uddel;Gelderland               
Uden;Noord-Brabant            
Udenhout;Noord-Brabant            
Uffelte;Drenthe                  
Ugchelen;Gelderland               
Uitdam;Noord-Holland            
Uitgeest;Noord-Holland            
Uithoorn;Noord-Holland            
Uithuizen;Groningen                
Uithuizermeeden;Groningen                
Uitwellingerga;Fryslân                  
Uitwijk;Noord-Brabant            
Ulestraten;Limburg                  
Ulft;Gelderland               
Ulicoten;Noord-Brabant            
Ulrum;Groningen                
Ulvenhout;Noord-Brabant            
Ulvenhout AC;Noord-Brabant            
Ureterp;Fryslân                  
Urk;Flevoland                
Urmond;Limburg                  
Ursem;Noord-Holland            
Ursem;Noord-Holland            
Usquert;Groningen                
Utrecht;Utrecht                  
Vaals;Limburg                  
Vaassen;Gelderland               
Valburg;Gelderland               
Valkenburg;Zuid-Holland             
Valkenburg;Limburg                  
Valkenswaard;Noord-Brabant            
Valthe;Drenthe                  
Valthermond;Drenthe                  
2e Valthermond;Drenthe                  
Varik;Gelderland               
Varsselder;Gelderland               
Varsseveld;Gelderland               
Vasse;Overijssel               
Veelerveen;Groningen                
Veen;Noord-Brabant            
Veendam;Groningen                
Veenendaal;Utrecht                  
De Veenhoop;Fryslân                  
Veenhuizen;Drenthe                  
Veeningen;Drenthe                  
Veenoord;Drenthe                  
Veere;Zeeland                  
Veessen;Gelderland               
Vegelinsoord;Fryslân                  
Veghel;Noord-Brabant            
't Veld;Noord-Holland            
Velddriel;Gelderland               
Den Velde;Overijssel               
Velden;Limburg                  
Veldhoven;Noord-Brabant            
Velp;Noord-Brabant            
Velp;Gelderland               
Velsen-Noord;Noord-Holland            
Velsen-Zuid;Noord-Holland            
Velserbroek;Noord-Holland            
Venebrugge;Overijssel               
Venhorst;Noord-Brabant            
Venhuizen;Noord-Holland            
Venlo;Limburg                  
Venray;Limburg                  
Ven-Zelderheide;Limburg                  
Vessem;Noord-Brabant            
Vethuizen;Gelderland               
Veulen;Limburg                  
Vianen;Utrecht                  
Vianen NB;Noord-Brabant            
Vierakker;Gelderland               
Vierhouten;Gelderland               
Vierhuizen;Groningen                
Vierlingsbeek;Noord-Brabant            
Vierpolders;Zuid-Holland             
Vijfhuizen;Noord-Holland            
Vijlen;Limburg                  
Vilsteren;Overijssel               
Vinkega;Fryslân                  
Vinkel;Noord-Brabant            
Vinkel;Noord-Brabant            
Vinkenbuurt;Overijssel               
Vinkeveen;Utrecht                  
Visvliet;Groningen                
Vlaardingen;Zuid-Holland             
Vlagtwedde;Groningen                
Vledder;Drenthe                  
Vledderveen;Drenthe                  
Vledderveen;Groningen                
Vleuten;Utrecht                  
Vlieland;Fryslân                  
Vlierden;Noord-Brabant            
Vlijmen;Noord-Brabant            
Vlissingen;Zeeland                  
Vlist;Zuid-Holland             
Vlodrop;Limburg                  
Voerendaal;Limburg                  
Vogelenzang;Noord-Holland            
Vogelwaarde;Zeeland                  
Volendam;Noord-Holland            
Volkel;Noord-Brabant            
Vollenhove;Overijssel               
Vondelingenplaat Rotterdam;Zuid-Holland             
Voorburg;Zuid-Holland             
Voorhout;Zuid-Holland             
Voorschoten;Zuid-Holland             
Voorst;Gelderland               
Voorst;Gelderland               
Voorthuizen;Gelderland               
Vorchten;Gelderland               
Vorden;Gelderland               
Vorstenbosch;Noord-Brabant            
Vortum-Mullem;Noord-Brabant            
Vragender;Gelderland               
Vredenheim;Drenthe                  
Vredepeel;Limburg                  
Vreeland;Utrecht                  
Vries;Drenthe                  
Vriescheloo;Groningen                
Vriezenveen;Overijssel               
Vroomshoop;Overijssel               
Vrouwenakker;Zuid-Holland             
Vrouwenparochie;Fryslân                  
Vrouwenpolder;Zeeland                  
Vught;Noord-Brabant            
Vuren;Gelderland               
Waaksens;Fryslân                  
Waal;Zuid-Holland             
De Waal;Noord-Holland            
Waalre;Noord-Brabant            
Waalwijk;Noord-Brabant            
't Waar;Groningen                
Waarde;Zeeland                  
Waardenburg;Gelderland               
Waarder;Zuid-Holland             
Waardhuizen;Noord-Brabant            
Waarland;Noord-Holland            
Waaxens;Fryslân                  
Wachtum;Drenthe                  
Waddinxveen;Zuid-Holland             
Wadenoijen;Gelderland               
Wagenberg;Noord-Brabant            
Wagenborgen;Groningen                
Wageningen;Gelderland               
Walem;Limburg                  
Walsoorden;Zeeland                  
Wâlterswâld;Fryslân                  
Wamel;Gelderland               
Wanneperveen;Overijssel               
Wanroij;Noord-Brabant            
Wanssum;Limburg                  
Wânswert;Fryslân                  
Wapenveld;Gelderland               
Wapse;Drenthe                  
Wapserveen;Drenthe                  
Warder;Noord-Holland            
Warffum;Groningen                
Warfhuizen;Groningen                
Warfstermolen;Fryslân                  
Warmenhuizen;Noord-Holland            
Warmond;Zuid-Holland             
Warns;Fryslân                  
Warnsveld;Gelderland               
Warstiens;Fryslân                  
Warten;Fryslân                  
Waskemeer;Fryslân                  
Waspik;Noord-Brabant            
Wassenaar;Zuid-Holland             
Wateren;Drenthe                  
Watergang;Noord-Holland            
Waterhuizen;Groningen                
Wateringen;Zuid-Holland             
Waterlandkerkje;Zeeland                  
Waverveen;Utrecht                  
Wedde;Groningen                
De Weere;Noord-Holland            
Weerselo;Overijssel               
Weert;Limburg                  
Weesp;Noord-Holland            
Wehe-den Hoorn;Groningen                
Wehl;Gelderland               
Weidum;Fryslân                  
Weiteveen;Drenthe                  
Wekerom;Gelderland               
Well;Gelderland               
Well L;Limburg                  
Wellerlooi;Limburg                  
Welsum;Overijssel               
Wemeldinge;Zeeland                  
Wenum Wiesel;Gelderland               
Wergea;Fryslân                  
Werkendam;Noord-Brabant            
Werkhoven;Utrecht                  
Wernhout;Noord-Brabant            
Wervershoof;Noord-Holland            
Wesepe;Overijssel               
Wessem;Limburg                  
Westbeemster;Noord-Holland            
Westbroek;Utrecht                  
Westdorp;Drenthe                  
Westdorpe;Zeeland                  
Westendorp;Gelderland               
Westerbeek;Noord-Brabant            
Westerbork;Drenthe                  
Westerbroek;Groningen                
De Westereen;Fryslân                  
Westeremden;Groningen                
Westergeast;Fryslân                  
Westerhaar-Vriezenveensewijk;Overijssel               
Westerhoven;Noord-Brabant            
Westerland;Noord-Holland            
Westerlee;Groningen                
Westernieland;Groningen                
Westervelde;Drenthe                  
Westervoort;Gelderland               
Westerwijtwerd;Groningen                
West-Graftdijk;Noord-Holland            
Westhem;Fryslân                  
Westhoek;Fryslân                  
Westkapelle;Zeeland                  
Westknollendam;Noord-Holland            
Westmaas;Zuid-Holland             
West-Terschelling;Fryslân                  
Westwoud;Noord-Holland            
Westzaan;Noord-Holland            
Wetering;Overijssel               
Weteringbrug;Noord-Holland            
Wetsens;Fryslân                  
Wetsinge;Groningen                
Weurt;Gelderland               
Wezep;Gelderland               
Wezup;Drenthe                  
Wezuperbrug;Drenthe                  
Wichmond;Gelderland               
Wier;Fryslân                  
Wierden;Overijssel               
Wieringerwaard;Noord-Holland            
Wieringerwerf;Noord-Holland            
Wierum;Fryslân                  
Wijchen;Gelderland               
Wijckel;Fryslân                  
Wijdenes;Noord-Holland            
Wijdewormer;Noord-Holland            
Wijhe;Overijssel               
de Wijk;Drenthe                  
Wijk aan Zee;Noord-Holland            
Wijk bij Duurstede;Utrecht                  
Wijk en Aalburg;Noord-Brabant            
Wijlre;Limburg                  
Wijnaldum;Fryslân                  
Wijnandsrade;Limburg                  
Wijnbergen;Gelderland               
Wijngaarden;Zuid-Holland             
Wijnjewoude;Fryslân                  
Wijster;Drenthe                  
Wilbertoord;Noord-Brabant            
Wildervank;Groningen                
De Wilgen;Fryslân                  
Wilhelminadorp;Zeeland                  
Wilhelminaoord;Drenthe                  
Willemsoord;Overijssel               
Willemstad;Noord-Brabant            
Wilnis;Utrecht                  
Wilp;Gelderland               
De Wilp;Groningen                
Wilsum;Overijssel               
Winde;Drenthe                  
Windraak;Limburg                  
Winkel;Noord-Holland            
Winneweer;Groningen                
Winschoten;Groningen                
Winssen;Gelderland               
Winsum;Fryslân                  
Winsum;Groningen                
Wintelre;Noord-Brabant            
Winterswijk;Gelderland               
Winterswijk Brinkheurne;Gelderland               
Winterswijk Corle;Gelderland               
Winterswijk Henxel;Gelderland               
Winterswijk Huppel;Gelderland               
Winterswijk Kotten;Gelderland               
Winterswijk Meddo;Gelderland               
Winterswijk Miste;Gelderland               
Winterswijk Ratum;Gelderland               
Winterswijk Woold;Gelderland               
Wirdum;Fryslân                  
Wirdum;Groningen                
Wissenkerke;Zeeland                  
Witharen;Overijssel               
Witmarsum;Fryslân                  
Witte Paarden;Overijssel               
Wittelte;Drenthe                  
Wittem;Limburg                  
Witteveen;Drenthe                  
Wiuwert;Fryslân                  
Wjelsryp;Fryslân                  
Woensdrecht;Noord-Brabant            
Woerden;Utrecht                  
Woerdense Verlaat;Zuid-Holland             
Wognum;Noord-Holland            
Woldendorp;Groningen                
Wolfheze;Gelderland               
Wolphaartsdijk;Zeeland                  
Wolsum;Fryslân                  
Woltersum;Groningen                
Wolvega;Fryslân                  
Wommels;Fryslân                  
Wons;Fryslân                  
Workum;Fryslân                  
Wormer;Noord-Holland            
Wormerveer;Noord-Holland            
Woubrugge;Zuid-Holland             
Woudbloem;Groningen                
de Woude;Noord-Holland            
Woudenberg;Utrecht                  
Woudrichem;Noord-Brabant            
Woudsend;Fryslân                  
Wouw;Noord-Brabant            
Wouwse Plantage;Noord-Brabant            
Wyns;Fryslân                  
Wytgaard;Fryslân                  
Yde;Drenthe                  
Yerseke;Zeeland                  
Ypecolsga;Fryslân                  
Ysbrechtum;Fryslân                  
Ysselsteyn;Limburg                  
Zaamslag;Zeeland                  
Zaandam;Noord-Holland            
Zaandijk;Noord-Holland            
Zalk;Overijssel               
Zaltbommel;Gelderland               
't Zand;Noord-Holland            
Zandberg;Drenthe                  
Zandeweer;Groningen                
Zandhuizen;Fryslân                  
Zandpol;Drenthe                  
't Zandt;Groningen                
Zandvoort;Noord-Holland            
Zeddam;Gelderland               
Zeegse;Drenthe                  
Zeeland;Noord-Brabant            
Zeerijp;Groningen                
Zeewolde;Flevoland                
Zegge;Noord-Brabant            
Zegveld;Utrecht                  
Zeijen;Drenthe                  
Zeijerveen;Drenthe                  
Zeijerveld;Drenthe                  
Zeist;Utrecht                  
Zelhem;Gelderland               
Zenderen;Overijssel               
Zennewijnen;Gelderland               
Zennewijnen;Gelderland               
Zetten;Gelderland               
Zevenaar;Gelderland               
Zevenbergen;Noord-Brabant            
Zevenbergschen Hoek;Noord-Brabant            
Zevenbergschen Hoek;Noord-Brabant            
Zevenhoven;Zuid-Holland             
Zevenhuizen;Zuid-Holland             
Zevenhuizen;Groningen                
Zierikzee;Zeeland                  
Zieuwent;Gelderland               
Zijderveld;Utrecht                  
Zijdewind;Noord-Holland            
Zijldijk;Groningen                
De Zilk;Zuid-Holland             
Zoelen;Gelderland               
Zoelmond;Gelderland               
Zoetermeer;Zuid-Holland             
Zoeterwoude;Zuid-Holland             
Zonnemaire;Zeeland                  
Zorgvlied;Drenthe                  
Zoutelande;Zeeland                  
Zoutkamp;Groningen                
Zuid-Beijerland;Zuid-Holland             
Zuidbroek;Groningen                
Zuiddorpe;Zeeland                  
Zuidermeer;Noord-Holland            
Zuiderwoude;Noord-Holland            
Zuidhorn;Groningen                
Zuidlaarderveen;Drenthe                  
Zuidland;Zuid-Holland             
Zuidlaren;Drenthe                  
Zuidoostbeemster;Noord-Holland            
Zuid-Scharwoude;Noord-Holland            
Zuidschermer;Noord-Holland            
Zuidveen;Overijssel               
Zuidveld;Drenthe                  
Zuidvelde;Drenthe                  
Zuidwolde;Groningen                
Zuidwolde;Drenthe                  
Zuidzande;Zeeland                  
Zuilichem;Gelderland               
Zuna;Overijssel               
Zundert;Noord-Brabant            
Zurich;Fryslân                  
Zutphen;Gelderland               
Zuurdijk;Groningen                
Zwaag;Noord-Holland            
Zwaagdijk-Oost;Noord-Holland            
Zwaagdijk-West;Noord-Holland            
Zwaanshoek;Noord-Holland            
Zwammerdam;Zuid-Holland             
Zwanenburg;Noord-Holland            
Zwartebroek;Gelderland               
Zwartemeer;Drenthe                  
Zwartewaal;Zuid-Holland             
Zwartsluis;Overijssel               
Zweeloo;Drenthe                  
Zweins;Fryslân                  
Zwiggelte;Drenthe                  
Zwijndrecht;Zuid-Holland             
Zwinderen;Drenthe                  
Zwolle;Overijssel               
